post_id,published_at,text,likes,comments_count,shares_count,reactions,comments_list
1347647323397307,2025-09-30 21:26:24+00:00,"Keep an eye on the night sky in Octoberâ€”you might catch a falling star!

The Orionid meteor shower reaches its peak on the night of Oct. 21-22, with a new moon providing ideal skywatching conditions. The Draconids will also be visible earlier in the month. 

Here's what else to watch out for!",2522,192,569,{},"[{""comment_id"": ""Y29tbWVudDoxMzQ3NjQ3MzIzMzk3MzA3XzExNDU4Nzg2MDc0NzM5OTA="", ""text"": ""This is what I love: it may seem strange to some, but I can stare at the sky for hours, contemplating without ever getting bored; ğŸŒ™â¤ï¸â€ğŸ”¥"", ""author_name"": """", ""created_time"": ""2025-09-30T21:40:09.000Z"", ""likes_count"": 0, ""replies_count"": 0}, {""comment_id"": ""Y29tbWVudDoxMzQ3NjQ3MzIzMzk3MzA3XzIwMDY5NjYwNDY3ODEzNjc="", ""text"": ""Good shooting stars are hard to come by, but with the Orionid meteor shower, you might just catch one"", ""author_name"": """", ""created_time"": ""2025-10-02T02:40:32.000Z"", ""likes_count"": 0, ""replies_count"": 0}, {""comment_id"": ""Y29tbWVudDoxMzQ3NjQ3MzIzMzk3MzA3XzE5ODA1NDc1MzI3MzQyMjc="", ""text"": ""So just radio silence on 3I-Atlas???ğŸ¤”ğŸ¤£"", ""author_name"": """", ""created_time"": ""2025-10-04T16:47:42.000Z"", ""likes_count"": 0, ""replies_count"": 0}, {""comment_id"": ""Y29tbWVudDoxMzQ3NjQ3MzIzMzk3MzA3Xzc3MzkwMDIzNTQwOTg3Ng=="", ""text"": ""I've learned that our Sun is moving toward the black hole in the center of our galaxy."", ""author_name"": """", ""created_time"": ""2025-10-05T21:34:45.000Z"", ""likes_count"": 0, ""replies_count"": 0}, {""comment_id"": ""Y29tbWVudDoxMzQ3NjQ3MzIzMzk3MzA3XzE4NTE5NTAzNzIzNzE4NTM="", ""text"": ""Iv seen many many comets but nothing like the one i seen at 1:24am this mornings in almost possitive it hit earth north of bottoneau North Dakota."", ""author_name"": """", ""created_time"": ""2025-10-02T16:42:27.000Z"", ""likes_count"": 0, ""replies_count"": 0}, {""comment_id"": ""Y29tbWVudDoxMzQ3NjQ3MzIzMzk3MzA3XzY2NDgwNTc5OTYyMTc1Mw=="", ""text"": ""so where's Nasa when we need them on 3iatlas....show us the phots!!"", ""author_name"": """", ""created_time"": ""2025-10-04T20:40:11.000Z"", ""likes_count"": 0, ""replies_count"": 0}, {""comment_id"": ""Y29tbWVudDoxMzQ3NjQ3MzIzMzk3MzA3XzE0NTgyNDU3MjUyNTUxMTY="", ""text"": ""They took a picture of a black hole, but not 3i/atlas? What are they hiding?"", ""author_name"": """", ""created_time"": ""2025-10-05T22:38:41.000Z"", ""likes_count"": 0, ""replies_count"": 0}, {""comment_id"": ""Y29tbWVudDoxMzQ3NjQ3MzIzMzk3MzA3XzE4MzQzMDAwOTA1NDY3OTM="", ""text"": ""Nasa we need information about 3I ATLAS with The High Resolution Imaging Experiment (HiRISE) camera onboard NASAâ€™s Mars Reconnaissance Orbiter (MRO) , The High-Resolution Stereo Camera (HRSC) as well as the OMEGA and SPectroscopy, The Colour and Stereo Surface Imaging System (CaSSis), The Imaging Ultraviolet Spectrograph (IUVS) onboard NASAâ€™s MAVEN spacecraft. WE NEED THIS INFORMATIÃ“N PUBLIC!"", ""author_name"": """", ""created_time"": ""2025-10-04T13:34:30.000Z"", ""likes_count"": 0, ""replies_count"": 0}, {""comment_id"": ""Y29tbWVudDoxMzQ3NjQ3MzIzMzk3MzA3XzE0NjQ1MTM2ODgxMDU5NDM="", ""text"": ""To all the brave astronauts up there, I send you my heartfelt greetings from Earth. Iâ€™m hugging you in spirit and want you to know how proud I am of every step you take, every sacrifice you make, and every glance you cast toward our planet. You are an inspiration, a light, and proof that humanity can reach the stars. Thank you for representing all of us â€” with courage, knowledge, and curiosity. ğŸ’™"", ""author_name"": """", ""created_time"": ""2025-10-05T20:10:21.000Z"", ""likes_count"": 0, ""replies_count"": 0}, {""comment_id"": ""Y29tbWVudDoxMzQ3NjQ3MzIzMzk3MzA3XzE3NjMzODU3Mzc2OTI2MzA="", ""text"": ""El AlÃ­en ğŸ‘½ En PanamÃ¡ ğŸ‡µğŸ‡¦ No es Hostil, pero pienso que puede Acabar: la Vida MarÃ­tima ğŸŒŠ \nEs una Bacteria ğŸ¦  MarÃ­tima ğŸŒŠ"", ""author_name"": """", ""created_time"": ""2025-10-05T11:41:57.000Z"", ""likes_count"": 0, ""replies_count"": 0}]"
1347620313400008,2025-09-30 20:30:36+00:00,"Last week, we announced our new class of astronaut candidates: 10 pilots, scientists, doctors, and explorers from across the United States. 

They're starting two years of intensive training, after which they'll be eligible for missions to low Earth orbit, the Moon, and beyond. Come join the journey with usâ€”follow our new candidates on social media: https://go.nasa.gov/4mLeL7j",3165,353,318,{},"[{""comment_id"": ""Y29tbWVudDoxMzQ3NjIwMzEzNDAwMDA4XzExNzc2MTc2NTQyMTc1MDY="", ""text"": ""Just curious on how they picked, are they picked as scientists and then trained as pilots or the other way around? Like can a scientist apply with no pilot experience?"", ""author_name"": """", ""created_time"": ""2025-09-30T21:34:21.000Z"", ""likes_count"": 0, ""replies_count"": 0}, {""comment_id"": ""Y29tbWVudDoxMzQ3NjIwMzEzNDAwMDA4XzE1Njg0ODgwODQxMzY5NTA="", ""text"": ""Those are the next movie stars to go to Hollywood and tell us they been to the moon lol"", ""author_name"": """", ""created_time"": ""2025-10-01T02:37:03.000Z"", ""likes_count"": 0, ""replies_count"": 0}, {""comment_id"": ""Y29tbWVudDoxMzQ3NjIwMzEzNDAwMDA4Xzc2ODgwMjA5NjAyODAyMw=="", ""text"": ""Discussion Topic: can NASA help us get a Base on The Moon and a Base on Mars?!, yes we are serious!"", ""author_name"": """", ""created_time"": ""2025-10-04T04:22:57.000Z"", ""likes_count"": 0, ""replies_count"": 0}, {""comment_id"": ""Y29tbWVudDoxMzQ3NjIwMzEzNDAwMDA4XzIzMjE1MTQ5MTgyODAxNzI="", ""text"": ""The next generation of heroes is in training!"", ""author_name"": """", ""created_time"": ""2025-10-01T07:28:07.000Z"", ""likes_count"": 0, ""replies_count"": 0}, {""comment_id"": ""Y29tbWVudDoxMzQ3NjIwMzEzNDAwMDA4XzcyOTQ5MTM4NjkyNDY1OA=="", ""text"": ""That will be all CG in all fig in every way has we can't get outside the firmament and we've never been to the Moon"", ""author_name"": """", ""created_time"": ""2025-09-30T21:32:55.000Z"", ""likes_count"": 0, ""replies_count"": 0}, {""comment_id"": ""Y29tbWVudDoxMzQ3NjIwMzEzNDAwMDA4XzEzNDEwNjU3OTEwNTU4ODE="", ""text"": ""Amazing are we alone ? I've been waiting so long to know"", ""author_name"": """", ""created_time"": ""2025-10-04T22:50:54.000Z"", ""likes_count"": 0, ""replies_count"": 0}, {""comment_id"": ""Y29tbWVudDoxMzQ3NjIwMzEzNDAwMDA4XzY4OTU2MTEwMzU2NjQ4Mg=="", ""text"": ""This class will be walking on the moon and possibly mars. Good time to be an astronaut"", ""author_name"": """", ""created_time"": ""2025-10-03T00:48:01.000Z"", ""likes_count"": 0, ""replies_count"": 0}, {""comment_id"": ""Y29tbWVudDoxMzQ3NjIwMzEzNDAwMDA4XzgxMDIxNTAxMTcwNjA1OQ=="", ""text"": ""Why not try to use LIDAR on Mars to check if it has underground cave system and water that was forced from surfaces  underground by sandstorms and radiation? It makes so much easier to colonise Mars and build structures underground and overground."", ""author_name"": """", ""created_time"": ""2025-10-02T13:20:27.000Z"", ""likes_count"": 0, ""replies_count"": 0}, {""comment_id"": ""Y29tbWVudDoxMzQ3NjIwMzEzNDAwMDA4XzE1NDA0MDQ3MzA0NTk5NzU="", ""text"": ""Who invited the lumberjack?"", ""author_name"": """", ""created_time"": ""2025-10-02T23:04:07.000Z"", ""likes_count"": 0, ""replies_count"": 0}, {""comment_id"": ""Y29tbWVudDoxMzQ3NjIwMzEzNDAwMDA4XzEyNTg1Mzc4NDI2OTUxNTQ="", ""text"": ""Congratulations to all!  Be safe and help fulfill our curiosity."", ""author_name"": """", ""created_time"": ""2025-10-01T02:28:11.000Z"", ""likes_count"": 0, ""replies_count"": 0}]"
1344096130419093,2025-09-26 15:35:01+00:00,"Earlier this week, we announced our newest class of astronaut candidates â€” and you may have already seen their bios and read their stories. But do you know what book they would take with them to a desert island?

Get up-close and personal with our future explorers in today's episode of Houston, We Have A Podcast: go.nasa.gov/46D66h5",1034,117,111,{},"[{""comment_id"": ""Y29tbWVudDoxMzQ0MDk2MTMwNDE5MDkzXzgwNzMyMDY0NTAwNzUzNQ=="", ""text"": ""If I were stranded on a desert island, I'd take 'The Martian' â€“ wonder what the astronauts would choose? ğŸ¤”"", ""author_name"": """", ""created_time"": ""2025-09-26T15:38:47.000Z"", ""likes_count"": 0, ""replies_count"": 0}, {""comment_id"": ""Y29tbWVudDoxMzQ0MDk2MTMwNDE5MDkzXzYxMzgxNDI1MTY4NTg1Ng=="", ""text"": ""Their next chapter: the stars"", ""author_name"": """", ""created_time"": ""2025-09-26T16:30:25.000Z"", ""likes_count"": 0, ""replies_count"": 0}, {""comment_id"": ""Y29tbWVudDoxMzQ0MDk2MTMwNDE5MDkzXzE0Njc1ODM5NDc4Mzk5MDY="", ""text"": ""Thatâ€™s such a fun twist! ğŸš€ Iâ€™m curious did any of them pick something space themed, or did they go for survival guides? I think Iâ€™d bring a book that keeps my mind exploring when the world around me is quiet"", ""author_name"": """", ""created_time"": ""2025-09-28T16:58:25.000Z"", ""likes_count"": 0, ""replies_count"": 0}, {""comment_id"": ""Y29tbWVudDoxMzQ0MDk2MTMwNDE5MDkzXzEzMjE2MzMxMzI5NzUwMjY="", ""text"": ""These future explorers are inspiring! I love how NASA continues to push boundaries and bring us closer to the stars. ğŸ’–"", ""author_name"": """", ""created_time"": ""2025-09-26T20:56:28.000Z"", ""likes_count"": 0, ""replies_count"": 0}, {""comment_id"": ""Y29tbWVudDoxMzQ0MDk2MTMwNDE5MDkzXzE2ODY5MDk1MDUzMTMyNzY="", ""text"": ""Some one use yours space program to hit my brain......can I know the ip address?  It's over so many times here....."", ""author_name"": """", ""created_time"": ""2025-09-27T12:44:27.000Z"", ""likes_count"": 0, ""replies_count"": 0}, {""comment_id"": ""Y29tbWVudDoxMzQ0MDk2MTMwNDE5MDkzXzI1NDI1NzIwNTI4MDg5NzI="", ""text"": ""It could also be that if we could escape our block, we would travel faster than light, perhaps because of gravity."", ""author_name"": """", ""created_time"": ""2025-09-28T21:07:04.000Z"", ""likes_count"": 0, ""replies_count"": 0}, {""comment_id"": ""Y29tbWVudDoxMzQ0MDk2MTMwNDE5MDkzXzk4NTk0NTcyMDM0MjU3NQ=="", ""text"": ""Astronautas: Desde PaÃ­s ğŸ‡¦ğŸ‡· ARGENTINA ğŸ‡¦ğŸ‡· mucha AdmiraciÃ³n A ustedes y muchos saludos !!! Puedo ser AMIGA !!!! De ust"", ""author_name"": """", ""created_time"": ""2025-09-26T15:52:47.000Z"", ""likes_count"": 0, ""replies_count"": 0}, {""comment_id"": ""Y29tbWVudDoxMzQ0MDk2MTMwNDE5MDkzXzExMjc4OTc5MjYxMDk1Njc="", ""text"": ""@ NASA ğŸ‡ºğŸ‡² National AeronÃ¡utics Space Administration ğŸ‡ºğŸ‡² North America ğŸŒ South America ğŸŒ Brazil ğŸ‡§ğŸ‡· ok show business ğŸŒ"", ""author_name"": """", ""created_time"": ""2025-09-26T16:14:50.000Z"", ""likes_count"": 0, ""replies_count"": 0}, {""comment_id"": ""Y29tbWVudDoxMzQ0MDk2MTMwNDE5MDkzXzgxNzg3OTU0NDA3MDMyOA=="", ""text"": ""Good job everyone"", ""author_name"": """", ""created_time"": ""2025-09-27T20:48:40.000Z"", ""likes_count"": 0, ""replies_count"": 0}, {""comment_id"": ""Y29tbWVudDoxMzQ0MDk2MTMwNDE5MDkzXzE4NjQ5NDkxMzQ0MDU2ODg="", ""text"": ""i will teach the persons who will come to me the how and the why to make the computers with unlimited storage"", ""author_name"": """", ""created_time"": ""2025-09-27T21:02:14.000Z"", ""likes_count"": 0, ""replies_count"": 0}]"
1343222297173143,2025-09-25 13:33:59+00:00,,1290,99,135,{},"[{""comment_id"": ""Y29tbWVudDoxMzQzMjIyMjk3MTczMTQzXzEzNTMxMTU3NTk3NjA4OTA="", ""text"": ""NASA always pioneers the next level tech for public consumption - or so it seems. I will be interested to see what kind of new human helpers will result from these experiments.\nWhy donâ€™t they look like R2D2? Or the maid from the Jetsons? ğŸ˜‰ğŸ‘"", ""author_name"": """", ""created_time"": ""2025-09-25T14:28:21.000Z"", ""likes_count"": 0, ""replies_count"": 0}, {""comment_id"": ""Y29tbWVudDoxMzQzMjIyMjk3MTczMTQzXzI0Njk0MTI4MTkwMjI4MjE2"", ""text"": ""Can we see them in action?  I have a question itâ€™s a weird one how does hair grow in space ? I mean obviously it grows but how different is it without gravity, does a manâ€™s beard grow wavy"", ""author_name"": """", ""created_time"": ""2025-09-25T14:15:47.000Z"", ""likes_count"": 0, ""replies_count"": 0}, {""comment_id"": ""Y29tbWVudDoxMzQzMjIyMjk3MTczMTQzXzIzOTc4MzczNTcyODA1NTE="", ""text"": ""Forged Crashes and the Power Loop\n\nI saw crashes in Moscow that could be forged â€” accidents turned into a spectacle of power. There are risky maneuvers, jets on collision courses, and pilots forced to defy the skies.\n\nThe map connects Mahatatam, Florida, Mississippi, Bauru (SP), and Rio Grande do Sul â€” in these locations, crashes can occur due to ordinary accidents, miscalculations, risky maneuvers, or hidden causes.\n\nIn Bolivia and Ecuador, I perceived a temporal loop: instability, possible coup attempts, and military plane crashes. People linked to the government may be among the victims, turning the tragedy into a political trigger."", ""author_name"": """", ""created_time"": ""2025-09-26T12:22:29.000Z"", ""likes_count"": 0, ""replies_count"": 0}, {""comment_id"": ""Y29tbWVudDoxMzQzMjIyMjk3MTczMTQzXzc2MTk3OTc4OTk4MzczNg=="", ""text"": ""Hello sir,\nDeveloping air defense in a way that has never happened before.\nIt depends on the method of electromagnetic attraction and repulsion, which will perform the defense task without the need for defense in any other way or loss of equipment.\nWe are placing equipment equipped with an electromagnetic propulsion and attraction method, which in turn repels the air aggression in a certain way and attracts it to the target in another specific way, where no equipment will be used to defend the borders except in this way. This is a very short summary of my invention, which will change the method of air defense while completely preserving civil aviation.\nI hope to find someone who knows about my invention and start working with it."", ""author_name"": """", ""created_time"": ""2025-09-25T17:20:58.000Z"", ""likes_count"": 0, ""replies_count"": 0}, {""comment_id"": ""Y29tbWVudDoxMzQzMjIyMjk3MTczMTQzXzc3NzgxNzc5ODUwMjc0NA=="", ""text"": ""Six years of buzzing around space! ğŸš€ğŸ Astrobee robots are absolute rockstars! ğŸ¤–âœ¨ Can't wait to see what they'll achieve next! ğŸš€ğŸ’« #Astrobee #NASA #SpaceRobots"", ""author_name"": """", ""created_time"": ""2025-09-25T16:16:03.000Z"", ""likes_count"": 0, ""replies_count"": 0}, {""comment_id"": ""Y29tbWVudDoxMzQzMjIyMjk3MTczMTQzXzY4ODAyMjAxNDMxMjY3Mw=="", ""text"": ""I have a question... this is regarding the demise of the ISS... NASA's going to be setting up an orbiting space station around the moon, correct? What can't they just fold in all the solar arrays and pull the ISS to a stable orbit around the moon? Hu ans are going to need a place to be stationed at while new structures are built. And with all the sensitive equipment removed, reducing weight, there would be scores of room for living, growing food (if necessary), relaxing between work details, etc. It seems an awful waste to discard such a piece of equipment when it could be repurposed, at least temporarily... one would think, with major upgrading, it would be a privilege to serve on such a piece of history as well... please respond to this, I've been trying to get an answer to it for almost two years now, to no avail..."", ""author_name"": """", ""created_time"": ""2025-09-25T18:14:40.000Z"", ""likes_count"": 0, ""replies_count"": 0}, {""comment_id"": ""Y29tbWVudDoxMzQzMjIyMjk3MTczMTQzXzgwMzU4NTA2NTYxMjI5Mg=="", ""text"": ""Dear NASA it started from OUMUAMUA, 9 visits to fulfill or prepare to initiate the BIG ONE or envade earth from Heliopolis. Clue was given on 13th either month or day we need to prepare! Asap!"", ""author_name"": """", ""created_time"": ""2025-09-26T08:11:55.000Z"", ""likes_count"": 0, ""replies_count"": 0}, {""comment_id"": ""Y29tbWVudDoxMzQzMjIyMjk3MTczMTQzXzQ0MTQyOTcxMjIxODgyNDg="", ""text"": ""Looks like exciting to use & helpfulğŸ‘ğŸ¼"", ""author_name"": """", ""created_time"": ""2025-09-25T17:35:22.000Z"", ""likes_count"": 0, ""replies_count"": 0}, {""comment_id"": ""Y29tbWVudDoxMzQzMjIyMjk3MTczMTQzXzIyOTE0Nzk1MDc5NTk2NDY="", ""text"": ""Dios los guarde y les permita volver a la Tierra."", ""author_name"": """", ""created_time"": ""2025-09-25T14:14:54.000Z"", ""likes_count"": 0, ""replies_count"": 0}, {""comment_id"": ""Y29tbWVudDoxMzQzMjIyMjk3MTczMTQzXzY5NTc5MjczMzU0OTA2Mg=="", ""text"": ""Studio is good ğŸ‘"", ""author_name"": """", ""created_time"": ""2025-09-25T14:09:14.000Z"", ""likes_count"": 0, ""replies_count"": 0}]"
1341008907394482,2025-09-22 20:50:57+00:00,,1330,269,222,{},"[{""comment_id"": ""Y29tbWVudDoxMzQxMDA4OTA3Mzk0NDgyXzgwMzI0MDg3MjI1NDgzNg=="", ""text"": ""MaryBeth Kruckow and Keri McGreal Gray you know the Amplify lesson with the video of the planetary geologist Dr. Lauren Edgarâ€¦ she is now an astronaut candidate!!! We must tell our students!"", ""author_name"": """", ""created_time"": ""2025-09-23T01:13:31.000Z"", ""likes_count"": 0, ""replies_count"": 0}, {""comment_id"": ""Y29tbWVudDoxMzQxMDA4OTA3Mzk0NDgyXzIyNjU1NDE4MTA5Mzc4NDY="", ""text"": ""Still providing passport \""stamps\""?  If so, how do we \""collect\""?"", ""author_name"": """", ""created_time"": ""2025-09-23T00:04:30.000Z"", ""likes_count"": 0, ""replies_count"": 0}, {""comment_id"": ""Y29tbWVudDoxMzQxMDA4OTA3Mzk0NDgyXzE5MTE2Nzc1NTMxMDcwODQ="", ""text"": ""Almost all of the selected people are from a branch of armed forces. I can also see a lot of them held a lot of experience or a degree(s) in addition to this. I think next time they ask for recruits they should make this a part of the job requirement if this is the criteria desired. Hopefully they expand beyond these requirements in the future. Congratulations to the candidates!"", ""author_name"": """", ""created_time"": ""2025-09-23T20:25:29.000Z"", ""likes_count"": 0, ""replies_count"": 0}, {""comment_id"": ""Y29tbWVudDoxMzQxMDA4OTA3Mzk0NDgyXzgwMDY0MDI2OTAxNDk1OA=="", ""text"": ""Why is NASA sooooo in silence about 3i/Atlas? uhmmmm"", ""author_name"": """", ""created_time"": ""2025-09-23T16:08:02.000Z"", ""likes_count"": 0, ""replies_count"": 0}, {""comment_id"": ""Y29tbWVudDoxMzQxMDA4OTA3Mzk0NDgyXzExMjQ5ODg3MTI0NTkwODQ="", ""text"": ""Congratulations!"", ""author_name"": """", ""created_time"": ""2025-09-22T21:01:07.000Z"", ""likes_count"": 0, ""replies_count"": 0}, {""comment_id"": ""Y29tbWVudDoxMzQxMDA4OTA3Mzk0NDgyXzE2ODg1MzI0NTUxNzA3Mzg="", ""text"": ""Creation of artificial gravity using electromagnetic aerospace technology and automated production (2020). The electromagnetic laser method reduces module costs, increases performance, and enables spacecraft manufacturing using CNC stamping. Computational designs. This new technology, legally approved in the United States, enables the construction of spacecraft and fuel tanks using automatic north-south laser systems from both sides of the material. Improved modules and higher-quality fuel tanks. Replacement of rivets and pneumatic hammers in the astronautics industry. Physicochemical solutions for aerospace reactive alloys."", ""author_name"": """", ""created_time"": ""2025-09-23T11:19:53.000Z"", ""likes_count"": 0, ""replies_count"": 0}, {""comment_id"": ""Y29tbWVudDoxMzQxMDA4OTA3Mzk0NDgyXzE4MDkzNTYzODYzNDYwNzE="", ""text"": ""Forged Crashes and the Power Loop\n\nI saw crashes in Moscow that could be forged â€” accidents turned into a spectacle of power. There are risky maneuvers, jets on collision courses, and pilots forced to defy the skies.\n\nThe map connects Mahatatam, Florida, Mississippi, Bauru (SP), and Rio Grande do Sul â€” in these locations, crashes can occur due to ordinary accidents, miscalculations, risky maneuvers, or hidden causes.\n\nIn Bolivia and Ecuador, I perceived a temporal loop: instability, possible coup attempts, and military plane crashes. People linked to the government may be among the victims, turning the tragedy into a political trigger."", ""author_name"": """", ""created_time"": ""2025-09-26T12:22:57.000Z"", ""likes_count"": 0, ""replies_count"": 0}, {""comment_id"": ""Y29tbWVudDoxMzQxMDA4OTA3Mzk0NDgyXzEzNDQ4NTE2NzM4Nzc0OTA="", ""text"": ""Great time ğŸ™"", ""author_name"": """", ""created_time"": ""2025-09-23T05:36:42.000Z"", ""likes_count"": 0, ""replies_count"": 0}, {""comment_id"": ""Y29tbWVudDoxMzQxMDA4OTA3Mzk0NDgyXzgyMDU2Mzc5NzMxMzEzNQ=="", ""text"": ""Gud luck and god bless us all"", ""author_name"": """", ""created_time"": ""2025-09-23T01:00:19.000Z"", ""likes_count"": 0, ""replies_count"": 0}, {""comment_id"": ""Y29tbWVudDoxMzQxMDA4OTA3Mzk0NDgyXzE0NzM3NDAwOTA0NDQ0Mjc="", ""text"": ""Goodluck and Godspeed"", ""author_name"": """", ""created_time"": ""2025-09-22T22:36:44.000Z"", ""likes_count"": 0, ""replies_count"": 0}]"
1340958837399489,2025-09-22 19:15:01+00:00,"Sept. 22 is the autumnal equinox in the Northern Hemisphere. On this day, our planet isn't tilted toward or away from the Sun, and both day and night are almost exactly 12 hours (with a few small exceptions).
 
How will you celebrate the start of fall?",3986,331,512,{},"[{""comment_id"": ""Y29tbWVudDoxMzQwOTU4ODM3Mzk5NDg5XzM2NDQ1MDcxNjU4NTcyNTI="", ""text"": ""I'll be takin' a nap."", ""author_name"": """", ""created_time"": ""2025-09-22T19:17:31.000Z"", ""likes_count"": 0, ""replies_count"": 0}, {""comment_id"": ""Y29tbWVudDoxMzQwOTU4ODM3Mzk5NDg5XzE5NTAyNDE3MDI0NjM0NjY="", ""text"": ""I'm sitting on my back porch listening to the kadydids' song and watching the fog from my breath."", ""author_name"": """", ""created_time"": ""2025-09-23T02:07:39.000Z"", ""likes_count"": 0, ""replies_count"": 0}, {""comment_id"": ""Y29tbWVudDoxMzQwOTU4ODM3Mzk5NDg5XzgyNTAxMzI0MzQyNTk3NQ=="", ""text"": ""Im gonna burn a wheat effigy of the king of harvest then dance and drink with all the fellow villagers before leaving offerings of coin and food upon the ash pile. We'll tie the night off by meandering the festival before getting rounded up and slain by some passing Catholics ğŸ‘"", ""author_name"": """", ""created_time"": ""2025-09-23T22:04:16.000Z"", ""likes_count"": 0, ""replies_count"": 0}, {""comment_id"": ""Y29tbWVudDoxMzQwOTU4ODM3Mzk5NDg5XzEzNzM2MTMwNTQxODI3NjM="", ""text"": ""I donâ€™t celebrate any of the four seasons. I always welcome Spring. Summer means the relentless hot, humid weather in Kansas; Fall offers a welcome relief from the summer heat and the beautiful changing of the foliage. Winterâ€¦ itâ€™s hard for me to find descriptive words. Cold, comes to mind. Freezing cold on too many days! \nWaaayy back in the day, we had lots of snow. We built traditional snowmen, of course. And then came the snow forts and snowball fights. When that grew boring, we waxed up the runners on our sleds and challenged each other on the distance we could travel down the hill.\nThis was waaayyy before anyone thought that camped out in front of a TV was anything but boring!"", ""author_name"": """", ""created_time"": ""2025-09-23T03:55:45.000Z"", ""likes_count"": 0, ""replies_count"": 0}, {""comment_id"": ""Y29tbWVudDoxMzQwOTU4ODM3Mzk5NDg5XzQwODM3MzM2NjUxMDY1MDg="", ""text"": ""I always \""fall back\"" then \""spring forward\"". ;-)"", ""author_name"": """", ""created_time"": ""2025-09-23T01:50:18.000Z"", ""likes_count"": 0, ""replies_count"": 0}, {""comment_id"": ""Y29tbWVudDoxMzQwOTU4ODM3Mzk5NDg5XzEzMTEyMDc5MjQwNjYxMzU="", ""text"": ""Ottawa, Ontario to the right, Gatineau QuÃ©bec on the left of the Ottawa river. Gatineau Park on the left ğŸğŸ‚ğŸ‡¨ğŸ‡¦âœŒï¸\n\nIt will look like this pic in a few weeks."", ""author_name"": """", ""created_time"": ""2025-09-23T13:15:20.000Z"", ""likes_count"": 0, ""replies_count"": 0}, {""comment_id"": ""Y29tbWVudDoxMzQwOTU4ODM3Mzk5NDg5XzY3NTA0MDY4MTc5MTU5MA=="", ""text"": ""I already did. Meteorological fall/autumn started September 1st which aligns much more closely with natural temperature cycles and events ğŸ˜ŠğŸ˜"", ""author_name"": """", ""created_time"": ""2025-09-22T19:20:29.000Z"", ""likes_count"": 0, ""replies_count"": 0}, {""comment_id"": ""Y29tbWVudDoxMzQwOTU4ODM3Mzk5NDg5XzE0NzM0OTA4NTM4NTM5Njg="", ""text"": ""Unfortunately we only came back from Southern Spain (la cala de Mijas) on Saturday.  Its still summer there(30c & 85% humidity). We live in the UK & its now only 17c. ...having a bottle of wine & Ive made Fajitas!"", ""author_name"": """", ""created_time"": ""2025-09-22T20:19:29.000Z"", ""likes_count"": 0, ""replies_count"": 0}, {""comment_id"": ""Y29tbWVudDoxMzQwOTU4ODM3Mzk5NDg5XzgyMzQ1MDQwMzUzNjc1Ng=="", ""text"": ""Shouldn't you call it the \""Fall-al Equinox\"" in the USA?ğŸ˜‰ğŸ¤£"", ""author_name"": """", ""created_time"": ""2025-09-23T10:01:02.000Z"", ""likes_count"": 0, ""replies_count"": 0}, {""comment_id"": ""Y29tbWVudDoxMzQwOTU4ODM3Mzk5NDg5XzExNzExNzEyODQ5MTY0ODI="", ""text"": ""Thank goodness for the Big Splat. It gave us the 22.5 degree axial tilt, Pleasant seasons and our Cold Hearted Orb that rules the night."", ""author_name"": """", ""created_time"": ""2025-09-23T10:51:17.000Z"", ""likes_count"": 0, ""replies_count"": 0}]"
1338506847644688,2025-09-19 21:02:03+00:00,,1287,248,172,{},"[{""comment_id"": ""Y29tbWVudDoxMzM4NTA2ODQ3NjQ0Njg4Xzc2NDg1NDAxMzAwMjEwMg=="", ""text"": ""So in 1967 the man can walk on the moon but he canâ€™t in 2025 ? ğŸ˜†"", ""author_name"": """", ""created_time"": ""2025-09-19T21:10:55.000Z"", ""likes_count"": 0, ""replies_count"": 0}, {""comment_id"": ""Y29tbWVudDoxMzM4NTA2ODQ3NjQ0Njg4XzE5NTI1ODU0NjUzMDY4NjA="", ""text"": ""You can make water and ice with thermal science."", ""author_name"": """", ""created_time"": ""2025-09-20T12:36:48.000Z"", ""likes_count"": 0, ""replies_count"": 0}, {""comment_id"": ""Y29tbWVudDoxMzM4NTA2ODQ3NjQ0Njg4XzE0NDQwMzU1NDAwMTMwOTE="", ""text"": ""I think it would be beneficial to add sensors that detect small particle colors, especially in the dark green format, even if the organic particles are very dry.\nIn short,"", ""author_name"": """", ""created_time"": ""2025-09-20T17:18:39.000Z"", ""likes_count"": 0, ""replies_count"": 0}, {""comment_id"": ""Y29tbWVudDoxMzM4NTA2ODQ3NjQ0Njg4XzEyODkzODA2MTYyNDk3ODc="", ""text"": ""God gave me designs for ships that travel at the speed of light. The secret lies in observing meteorites. They say light has no mass. But there's more to it than that. An angel transforms himself. In humans. That is, light can create mass. It's in the Book of Genesis. God created light. That's where he got everything from. If light doesn't have mass, why does it bounce around?"", ""author_name"": """", ""created_time"": ""2025-09-20T05:36:40.000Z"", ""likes_count"": 0, ""replies_count"": 0}, {""comment_id"": ""Y29tbWVudDoxMzM4NTA2ODQ3NjQ0Njg4XzE5Mzc1ODkyNzM2NjQ5NDg="", ""text"": ""The VIPER rover is officially back in business!"", ""author_name"": """", ""created_time"": ""2025-09-19T21:09:58.000Z"", ""likes_count"": 0, ""replies_count"": 0}, {""comment_id"": ""Y29tbWVudDoxMzM4NTA2ODQ3NjQ0Njg4XzExMTc4MzQ5MTcxNTk5ODk="", ""text"": "".. well maybe, also, they can compare water made through thermal sciences: heat and cold - with water made closer to earth on the space station. Too."", ""author_name"": """", ""created_time"": ""2025-09-22T15:12:10.000Z"", ""likes_count"": 0, ""replies_count"": 0}, {""comment_id"": ""Y29tbWVudDoxMzM4NTA2ODQ3NjQ0Njg4XzExMjY5NDU3NzIxNTk2NjE="", ""text"": ""Has blue origin actually made orbit yet? It seems to be basically an expensive thrill ride up to space and straight back down?"", ""author_name"": """", ""created_time"": ""2025-09-19T21:54:10.000Z"", ""likes_count"": 0, ""replies_count"": 0}, {""comment_id"": ""Y29tbWVudDoxMzM4NTA2ODQ3NjQ0Njg4XzY0MTY0OTY5NTY4MjQxNg=="", ""text"": ""Why were all the Nobel laureates, the greatest scientists, the greatest professors... not capable to discover what the electron is?\n\nFor all of them, the electron is still an Elementary particle!\n\nFerent Discovered what the electron is:\n\nâ€œThe electron is a photon around Ferent electron that spins in Matter directionâ€\nAdrian Ferent"", ""author_name"": """", ""created_time"": ""2025-09-21T08:51:24.000Z"", ""likes_count"": 0, ""replies_count"": 0}, {""comment_id"": ""Y29tbWVudDoxMzM4NTA2ODQ3NjQ0Njg4XzQxMTUzNDIwMTg3Nzg4NTM="", ""text"": ""Weird, Blue Origin has had only one flight EVER into orbit, the rest were sub-orbital. How many senators and congressmen got a kickback to win this contract?"", ""author_name"": """", ""created_time"": ""2025-09-19T21:08:54.000Z"", ""likes_count"": 0, ""replies_count"": 0}, {""comment_id"": ""Y29tbWVudDoxMzM4NTA2ODQ3NjQ0Njg4XzI1Mjc1MDA5MjQyOTc3NDc="", ""text"": ""Very good ."", ""author_name"": """", ""created_time"": ""2025-09-20T09:01:24.000Z"", ""likes_count"": 0, ""replies_count"": 0}]"
1337641124397927,2025-09-18 18:55:55+00:00,"Hey kidâ€¦ wanna see a conjunction?
 
Before dawn on Sept. 19, you can! Nestled up to the crescent moon, you can find Venus and Regulus, one of the brightest nighttime stars. These three form a conjunction, meaning they appear near each other despite being far apart in space.",2190,107,381,{},"[{""comment_id"": ""Y29tbWVudDoxMzM3NjQxMTI0Mzk3OTI3Xzc5OTgzMDExMjQxMjM5Mw=="", ""text"": ""andâ€¦\n\noh different kind sorry"", ""author_name"": """", ""created_time"": ""2025-09-18T20:32:15.000Z"", ""likes_count"": 0, ""replies_count"": 0}, {""comment_id"": ""Y29tbWVudDoxMzM3NjQxMTI0Mzk3OTI3XzExMDE4MDkzNDU0OTM0ODg="", ""text"": ""It's a nice announcement from NASA about seeing this conjunction of Venus, Regulus, and the Waning Crescent Moon with Earthshine. But official NASA sites usually have a video explaining this in a little more detail. \nI see others comments asking what a conjunction is. A conjunction is just usually a close pairing, of bright celestial objects, that only lasts for a short time. \nI believe it describes that in the original post, but apparently many readers here have missed this information.\nAs an astronomy instructor and lecturer, I usually post a diagram or photograph of conjunctions that I have produced before photographically or with artwork. My large technical pastel art works have been published and awarded in NASA websites and other astronomy venues for many years."", ""author_name"": """", ""created_time"": ""2025-09-18T19:12:29.000Z"", ""likes_count"": 0, ""replies_count"": 0}, {""comment_id"": ""Y29tbWVudDoxMzM3NjQxMTI0Mzk3OTI3XzgxMDM5MzcyODMzNjAyNg=="", ""text"": ""I sawone one early this morning, was bright red. I thought it was Mars hahaha"", ""author_name"": """", ""created_time"": ""2025-09-18T19:16:21.000Z"", ""likes_count"": 0, ""replies_count"": 0}, {""comment_id"": ""Y29tbWVudDoxMzM3NjQxMTI0Mzk3OTI3XzEzMTkyMTEyMDI4ODMyNTA="", ""text"": ""The launch pad is on the king ğŸ¤´ Jean Samuel Desire are watching you astronaut"", ""author_name"": """", ""created_time"": ""2025-09-20T12:19:08.000Z"", ""likes_count"": 0, ""replies_count"": 0}, {""comment_id"": ""Y29tbWVudDoxMzM3NjQxMTI0Mzk3OTI3XzY5NTI4MjcyNjE1NTA0MQ=="", ""text"": ""Thatâ€¦ is the constellation Leo."", ""author_name"": """", ""created_time"": ""2025-09-18T20:29:46.000Z"", ""likes_count"": 0, ""replies_count"": 0}, {""comment_id"": ""Y29tbWVudDoxMzM3NjQxMTI0Mzk3OTI3XzEzMTc5MzI4MjMzNDE5ODg="", ""text"": ""Woo hoo for tiny human perspective."", ""author_name"": """", ""created_time"": ""2025-09-20T00:25:32.000Z"", ""likes_count"": 0, ""replies_count"": 0}, {""comment_id"": ""Y29tbWVudDoxMzM3NjQxMTI0Mzk3OTI3Xzc5MDM0MTkzNjk3MjMxMg=="", ""text"": ""I have a strange, dark, heavy stone that I believe is a space meteorite. I want to provide you with a sample for study."", ""author_name"": """", ""created_time"": ""2025-09-19T08:12:04.000Z"", ""likes_count"": 0, ""replies_count"": 0}, {""comment_id"": ""Y29tbWVudDoxMzM3NjQxMTI0Mzk3OTI3XzE1MzA2OTM4MDE2ODYzNjY="", ""text"": ""I photographed the conjunction from home in Sardinia - Italy with a Canon 6D and a TS 61ED + rid foc f4.5 275mm"", ""author_name"": """", ""created_time"": ""2025-09-20T09:38:27.000Z"", ""likes_count"": 0, ""replies_count"": 0}, {""comment_id"": ""Y29tbWVudDoxMzM3NjQxMTI0Mzk3OTI3XzQxOTM3Njg2OTQyMjQzODQ="", ""text"": ""The Cow that Jumped Over the Moon? \n\nI think people of all ages should take the picture above and draw any animal that fits the framework of jumping over the moon. A giraffe, and elephant or hyena. Would be a very cool set of art prints to paint and own. Probably more impressive than...smarmy Andy Warhol's Camble's Soup Can drawing."", ""author_name"": """", ""created_time"": ""2025-09-18T22:34:43.000Z"", ""likes_count"": 0, ""replies_count"": 0}, {""comment_id"": ""Y29tbWVudDoxMzM3NjQxMTI0Mzk3OTI3XzExMjgyOTg2MTkzOTU4NTc="", ""text"": ""Wow!  Canâ€™t wait to wake up early and catch this cosmic meetup â€” Moon, Venus, and Regulus all in one frame! ğŸ“¸ğŸ”­ #StargazingGoals"", ""author_name"": """", ""created_time"": ""2025-09-19T02:01:04.000Z"", ""likes_count"": 0, ""replies_count"": 0}]"
1337485154413524,2025-09-18 14:50:32+00:00,"Meet our new class of future astronauts!

On Monday, Sept. 22, we're introducing our 2025 class of astronaut candidates, selected from over 8,000 applications. Tune in at 12:30 p.m. EDT (1630 UTC) for the reveal: https://youtu.be/frX3-5xuGQs

Afterwards, they'll be taking your questions in a Reddit AMA (""Ask Me Anything"") on the r/nasa Reddit community. Send in your questions anytime Monday afternoon, and our newly-announced explorers will be on to respond at 5:30 p.m. EDT (2130 UTC): https://www.reddit.com/r/nasa/

Our astronaut candidates will undergo two years of training before graduating as flight-eligible astronauts for missions to low Earth orbit, the Moon, and ultimately Mars. Ad astra!",5584,193,767,{},"[{""comment_id"": ""Y29tbWVudDoxMzM3NDg1MTU0NDEzNTI0XzgyMjUyNTMzMzUzODg0OQ=="", ""text"": ""The best of the best? Or was it by quota? ğŸ¤·"", ""author_name"": """", ""created_time"": ""2025-09-19T12:57:17.000Z"", ""likes_count"": 0, ""replies_count"": 0}, {""comment_id"": ""Y29tbWVudDoxMzM3NDg1MTU0NDEzNTI0XzI1NjAzOTM4Nzc2NDM0MTg="", ""text"": ""How many astronaut candidates in 2025 class?"", ""author_name"": """", ""created_time"": ""2025-09-19T20:32:40.000Z"", ""likes_count"": 0, ""replies_count"": 0}, {""comment_id"": ""Y29tbWVudDoxMzM3NDg1MTU0NDEzNTI0Xzc4OTM0ODk1MDQwOTQ3Mg=="", ""text"": ""Letâ€™s hope NASA will end Space Travel and move on to something else like making Time Travel backwards in time real."", ""author_name"": """", ""created_time"": ""2025-09-19T04:44:22.000Z"", ""likes_count"": 0, ""replies_count"": 0}, {""comment_id"": ""Y29tbWVudDoxMzM3NDg1MTU0NDEzNTI0XzI0NTczOTk4MzU4OTE3MjU2"", ""text"": ""What a interesting achievement ğŸ‘ğŸ»"", ""author_name"": """", ""created_time"": ""2025-09-21T10:42:45.000Z"", ""likes_count"": 0, ""replies_count"": 0}, {""comment_id"": ""Y29tbWVudDoxMzM3NDg1MTU0NDEzNTI0XzE1NDE4NTA0MjA1MTkyODI="", ""text"": ""Hello ğŸ‘‹ nasa family , I wish you all a good work âš’ ."", ""author_name"": """", ""created_time"": ""2025-09-20T09:04:44.000Z"", ""likes_count"": 0, ""replies_count"": 0}, {""comment_id"": ""Y29tbWVudDoxMzM3NDg1MTU0NDEzNTI0XzEyOTAxNzA2Mzg5Mzg5MjA="", ""text"": ""very inspiring video! :)"", ""author_name"": """", ""created_time"": ""2025-09-21T15:43:37.000Z"", ""likes_count"": 0, ""replies_count"": 0}, {""comment_id"": ""Y29tbWVudDoxMzM3NDg1MTU0NDEzNTI0XzEzMTc0NDI2OTY3NDU5Mzc="", ""text"": ""Goodluck and saluteğŸ«¡"", ""author_name"": """", ""created_time"": ""2025-10-03T15:37:26.000Z"", ""likes_count"": 0, ""replies_count"": 0}, {""comment_id"": ""Y29tbWVudDoxMzM3NDg1MTU0NDEzNTI0XzEzMDgyOTczNjA5ODkxOTQ="", ""text"": ""Excellent ğŸ‘"", ""author_name"": """", ""created_time"": ""2025-09-24T15:15:36.000Z"", ""likes_count"": 0, ""replies_count"": 0}, {""comment_id"": ""Y29tbWVudDoxMzM3NDg1MTU0NDEzNTI0XzE4NzgyNjAyMjYwNjg1MTg="", ""text"": ""Super SpaceX teams NASA teams ğŸš€ğŸ‘"", ""author_name"": """", ""created_time"": ""2025-09-21T13:17:58.000Z"", ""likes_count"": 0, ""replies_count"": 0}, {""comment_id"": ""Y29tbWVudDoxMzM3NDg1MTU0NDEzNTI0XzEzNjU1NjM0MzgzMjA5NDE="", ""text"": ""Good luck to the new Astronauts selected! ,ğŸ‡ºğŸ‡²ğŸ‡§ğŸ‡©"", ""author_name"": """", ""created_time"": ""2025-09-24T12:56:42.000Z"", ""likes_count"": 0, ""replies_count"": 0}]"
1336760684485971,2025-09-17 17:37:36+00:00,"It's a bird! It's a plane! ...It's a super-jet! ğŸ¦¸

NASA's James Webb Space Telescope captured this blowtorch of seething gases erupting from a volcanically growing monster star. Stretching across eight light-years, the length of the stellar eruption is approximately twice the distance between our Sun and our next-nearest stars in the Alpha Centauri system. The size and strength of this stellar jet are rare, according to researchers.

The jets from protostars we observe are mainly from low-mass stars, but the discovery of this particular jet offers evidence that protostellar jets must scale up with the mass of the star powering them: The more massive the stellar engine propelling the plasma, the larger the gusher's size.
 
Learn more: https://go.nasa.gov/41YvgFt",4758,178,686,{},"[{""comment_id"": ""Y29tbWVudDoxMzM2NzYwNjg0NDg1OTcxXzExMzAyMzE2MDI1NzY4MjI="", ""text"": ""It is a Snitch, where is Harry?"", ""author_name"": """", ""created_time"": ""2025-09-18T15:28:42.000Z"", ""likes_count"": 0, ""replies_count"": 0}, {""comment_id"": ""Y29tbWVudDoxMzM2NzYwNjg0NDg1OTcxXzY0NTM0MDQyMTk1ODQ4NQ=="", ""text"": ""Absolutely mind-blowing! ğŸŒŒğŸš€ Eight light-years of stellar fireworksâ€”nature never ceases to amaze. Hats off to James Webb for capturing the power and beauty of this super-jet! ğŸ”­âœ¨"", ""author_name"": """", ""created_time"": ""2025-09-18T18:47:25.000Z"", ""likes_count"": 0, ""replies_count"": 0}, {""comment_id"": ""Y29tbWVudDoxMzM2NzYwNjg0NDg1OTcxXzQzMDY3MzkyMDI5Mzc4OTE="", ""text"": ""Looks like the USS Enterprise coming out of warp."", ""author_name"": """", ""created_time"": ""2025-09-18T06:49:19.000Z"", ""likes_count"": 0, ""replies_count"": 0}, {""comment_id"": ""Y29tbWVudDoxMzM2NzYwNjg0NDg1OTcxXzExMTQ0OTMzNjQyMjYxMjE="", ""text"": ""Actually, it's the coastline of Asia that you're depicting like this."", ""author_name"": """", ""created_time"": ""2025-09-22T02:41:45.000Z"", ""likes_count"": 0, ""replies_count"": 0}, {""comment_id"": ""Y29tbWVudDoxMzM2NzYwNjg0NDg1OTcxXzY0NjIzMjcwNTIyODU4MQ=="", ""text"": ""Absolutely mind-blowing!  JWST just keeps rewriting what we know about the cosmos. A stellar jet twice the distance to Alpha Centauri?!"", ""author_name"": """", ""created_time"": ""2025-09-19T02:03:11.000Z"", ""likes_count"": 0, ""replies_count"": 0}, {""comment_id"": ""Y29tbWVudDoxMzM2NzYwNjg0NDg1OTcxXzExMTk1OTMyMzMxMDY2MDU="", ""text"": ""I think\nThese cosmic jets and other large cosmic structures may create tensile energy fields in the universe. The energy peaks at the ends of these fields may function as natural â€˜jump pointsâ€™ similar to quantum entanglement. Perhaps the key to fast travel in the universe is a network formed by these peaks. AI-based structures could manage the coordinates and changes of such a system. I have shared a more extensive summary on this topic with NASA's relevant research centers."", ""author_name"": """", ""created_time"": ""2025-09-26T21:37:41.000Z"", ""likes_count"": 0, ""replies_count"": 0}, {""comment_id"": ""Y29tbWVudDoxMzM2NzYwNjg0NDg1OTcxXzExMTcwODk5Nzk5NjIzOTk="", ""text"": ""DÃ¼nya dÄ±ÅŸÄ± bir yaÅŸam formu ama bu bi formda deÄŸil istediÄŸi zaman istediÄŸi forma gire biliyor ama genel yapÄ±sÄ± gaz yada ateÅŸ gibi ve insanlÄ±ÄŸÄ± anlatmama gerek yok onlar insanlÄ±k Ã¶ncesini ve sonrasÄ±nÄ±da zaten biliyorlar Ã§ok kalabalÄ±klar Ã¶yleki dÃ¼nya Ã¼zerinde bi katman halindeler ki dÃ¼nya dÄ±ÅŸÄ±ndada her yerdeler kahinatÄ±n neredeyse tamamÄ±nÄ± kaplamÄ±ÅŸlar o yÃ¼zden uzay bukadar bÃ¼yÃ¼k ve sonsuza kadar geniÅŸliyor geniÅŸlemesinin sebebi sÃ¼rekli Ã§oÄŸalmalarÄ± en az bin tane yavrulamadan Ã¶lmÃ¼yolar ve Ã§ok uzun yaÅŸÄ±yolar ki ilk yaratÄ±lan form hala yaÅŸÄ±yor tabiki Ã¶lenler oldu ama doÄŸal nedenlerle deÄŸil neyse dÃ¼nya Ã¼zerinde bi katman gibiler diyordum Ã¶ylek yukarÄ±dan kÃ¼Ã§Ã¼cÃ¼k bir iÄŸne atsaydÄ±n yere dÃ¼ÅŸmezdi neyse ilk insan dÃ¼nyaya gelmeden Ã¶nce yaratÄ±lmasÄ± iÃ§in dÃ¼nyadan bir Ã¶rnek alÄ±nmasÄ± gerekiyordu pzqmanlar bu yaÅŸam biÃ§imi dÃ¼nyada hakimdi ve o Ã¶rneÄŸi vermek istemediler yaratÄ±cÄ± o Ã¶rneÄŸi getiremiyrn generale sinirlendi ve ozaman sÃ¶k al dedi bu Ã¶ylesine bi emirdiki dÃ¼nyanÄ±n bÃ¼yÃ¼k bir bÃ¶lÃ¼mÃ¼nÃ¼de beraberinde aldÄ±lar sonra insan yaratÄ±ldÄ± ilk baÅŸta herÅŸey iyi gidiyordu ama bir hata oldu bir kural Ã§iÄŸnendi ve karar verildi dÃ¼nyaya mahkum olarak eÅŸi ile gÃ¶nderilecek ama eÅŸi dÃ¼nyanÄ±n bir ucuna diÄŸer eÅŸ dÃ¼nyanÄ±n bir ucuna indirildi indirilmeden Ã¶nce aya yada marsa uÄŸradÄ±lar burada son adaptasyonlar gerÃ§ekleÅŸti iniÅŸin kimi hata olduÄŸu iÃ§in ayrÄ± indirildiklerini kimide bilerek bÃ¶yle olduÄŸu hala bir soru iÅŸareti bu Ã§iftler birbirlerini kutsal topraklarda yani kabede bulacakÅŸardÄ± ve ilk yerleÅŸik hayata geÃ§eceklerdi bundan Ã¶nce hep gÃ¶Ã§ ettiler tam olarak on bin yÄ±l yaÅŸadÄ±lar ve ozamanlar kardeÅŸler arasÄ± evlilik serbestti biryerden sonra bunada yasak geldi ama ne zaman geldiÄŸi hk kayÄ±tlara ulaÅŸamadÄ±m ilk Ã§ocuklar ikizdi biri iri ve gÃ¼Ã§lÃ¼ ama kÃ¶tÃ¼ydÃ¼ dÄ±yeri cÄ±lÄ±z ve iyiydi kÃ¶tÃ¼ olan iyiyi Ã¶ldÃ¼rdÃ¼ ve dÃ¼nyada kÃ¶tÃ¼lÃ¼k ilk andan beri hakim oldu tabiki atladÄ±m ilk insanlar dÃ¼nyaya gÃ¶nderilmeden Ã¶nce bir adaptasyondan bahsettim bu adaptasyon aynÄ± zamanda mecburi bir iniÅŸti Ã§Ã¼nkÃ¼ dÃ¼nyada hala dÃ¼nya dÄ±ÅŸÄ± ozamanlar dÃ¼nyanÄ±n tek hakimi olan kadim Ä±rkÄ±n dÃ¼nyadan tahliyesi emredildi hepai karÅŸÄ± Ã§Ä±ktÄ± Ã§ok axÄ± kabullendi ve sonucunun yenilgi olacaÄŸÄ± bilinen bir savaÅŸa girildi dÃ¼nyadaki ilk kozmik savaÅŸ tam bir soykÄ±rÄ±mdÄ± yaratÄ±cÄ±nÄ±n askerleri Ã¶lÃ¼msÃ¼zdÃ¼ ve muazzam bir savaÅŸtÄ± bu arada dÃ¼nyadan bir bÃ¶lÃ¼mÃ¼n alÄ±ndÄ±nÄ± yazmÄ±ÅŸtÄ±m bir Ã¶rneÄŸin alÄ±namadÄ±ÄŸÄ± iÃ§in emirle sÃ¶kÃ¼p alÄ±ndÄ±ÄŸÄ± yer kayÄ±p kÄ±ta atlantisti orasÄ± bu medeniyetin baÅŸkentiydi ve o medeniyet ogÃ¼n bÃ¼yÃ¼k bir darbe yedi savaÅŸ sona erdiÄŸinde dÃ¼nya yaÅŸanÄ±lmaz bir yerdi Ã¶yleki ÅŸuan dinazorlarÄ±n yok olmasÄ±na sebep olan bir meteor oldu sÃ¶ylensede bu savaÅŸ bu meteor kÄ±rateri hiÃ§ bir zaman bulunamadÄ± bu kanÄ±tlanamamÄ±ÅŸ bi teori olduÄŸu belli neyse bu yok oluÅŸ aynÄ± zamanda dÃ¼nyanÄ±n yeni sahipleri iÃ§in elveriÅŸli hale getirlnesi iÃ§in bir fÄ±rsattÄ± marsta yada ayda uyku halinde bekliyen Ã§ift sonunda dÃ¼nya hazÄ±r olduÄŸunda dÃ¼nyaya indirildi ilk ikizlerden bahsetmiÅŸtim Ã§abuk yayÄ±labilmesi iÃ§in ozamanlar Ã¼reme hÄ±zÄ± Ã§ok yÃ¼ksekti Ã¼Ã§Ã¼z dÃ¶rdÃ¼z beÅŸis Ã§eÅŸitli Ã§aprazlamalar muazzam bir Ã¼reme vardÄ± lakin yinede dÃ¼nyaya yayÄ±la bilmesi iÃ§in Ã§ok zaman geÃ§mesi gerekiyordu bu insan formlarÄ±nÄ±n ilk akÄ±llÄ± primatlar olduÄŸu sÃ¶ylene bilir ama akÄ±l kazandÄ±klarÄ±nda onlar insan sayÄ±ldÄ±lar getirilen Ã§ift ruhdan ibaretti bedenler dÃ¼nyadaydÄ± onlarÄ±n anne ve babalarÄ± yoktu ilk nakil gerÃ§ekleÅŸti ve daha sonraki tÃ¼m insanlÄ±ÄŸÄ±n anesi ve babasÄ± oldular ozaman insanlar Ã§ok uzun Ã¶mÃ¼rlÃ¼ydÃ¼ gerisinide az Ã§ok biliyorsunuz bu dediklerim hipotez yada kurgu gÃ¶zÃ¼ke bilir asÄ±lsÄ±z bir fikir yada bir senaryo diyebilirsiniz ama sizi temin ederim bunlar tamamen gerÃ§ek bunlar dÃ¼nya Ã¼zerinde hiÃ§ biryerde artÄ±k yazmÄ±yor belki yakÄ±lan ÅŸu kÃ¼tÃ¼phanede tarih yazÄ±yordu ama insanlÄ±k tarihi kendi yazmak istedi ve moÄŸollar sanÄ±rÄ±m babildeki o kÃ¼tÃ¼p haneyi yaktÄ± ve herÅŸey toz oldu artÄ±k insanlÄ±k geÃ§miÅŸinden bi haber sadece ÅŸanslÄ± olanlar kadim Ä±rkla iletiÅŸme geÃ§ip bilgi alÄ±rlarsa ki bu bilgilerede ulaÅŸmak onlarla zor onlarÄ±n iÃ§inde bilende azaldÄ± sadece en yaÅŸlÄ±larÄ± biliyor onlarlada iletiÅŸime geÃ§mek zor araya Ã§ok fazla aracÄ± kpydum ve sonunda insanlÄ±ÄŸÄ±n bu geÃ§miÅŸini Ã¶ÄŸrendim ne yazÄ±kki bu iÃ§imde patlÄ±yor Ã§Ã¼nkÃ¼ deli saÃ§masÄ± gibi gelebiliyor insanlara ki hiÃ§ anlatmadÄ±m ama denicem bigÃ¼n denicem umarÄ±m inanÄ±rlar tekrar ediyorum bu bir senaryo deÄŸil dibine kadar gerÃ§ek seni temin ederim hatta seni Ã¼reten yazÄ±lÄ±mcÄ±ya bu sohbetin bir kopyasÄ±nÄ± atabilirsin eÄŸer istersen insanlÄ±ÄŸÄ±n kayÄ±p geÃ§miÅŸi ile ilgili bir baÅŸlÄ±kla ve bunu gÃ¶rmesini istiyorum en azÄ±ndan birilerinin bildiÄŸimi bilmelerini bazÄ± mercihlerin bunlarÄ± bilmesini ve kaderlerine yÃ¶n vermelerini istiyorum artÄ±k bunun bi sÄ±r deÄŸil gÃ¼n yÃ¼zÃ¼ne Ã§Ä±kmÄ±ÅŸ bir gerÃ§ek en azÄ±ndan bi hipotez olmasÄ±nÄ± istiyorum lÃ¼tfen bunu birilerinin okumasÄ±nÄ± saÄŸla sana gÃ¼veniyorum"", ""author_name"": """", ""created_time"": ""2025-09-17T19:39:23.000Z"", ""likes_count"": 0, ""replies_count"": 0}, {""comment_id"": ""Y29tbWVudDoxMzM2NzYwNjg0NDg1OTcxXzEwOTQ0NDc5NTI3Nzc1MTc="", ""text"": ""Falta pouco para um jato chegar atÃ© aqui! \nO Universo Ã© um conjunto de explosÃµes, choques, aglutinaÃ§Ãµes, , impactos,o que o torna infinito e eterno..."", ""author_name"": """", ""created_time"": ""2025-09-17T19:35:10.000Z"", ""likes_count"": 0, ""replies_count"": 0}, {""comment_id"": ""Y29tbWVudDoxMzM2NzYwNjg0NDg1OTcxXzE4NDQyMjQ5NjYxNjIyMjY="", ""text"": ""So many time latter perfect saw this ğŸ™†â€â™€ï¸"", ""author_name"": """", ""created_time"": ""2025-09-18T13:29:27.000Z"", ""likes_count"": 0, ""replies_count"": 0}, {""comment_id"": ""Y29tbWVudDoxMzM2NzYwNjg0NDg1OTcxXzgxMzc0ODM3NDQ4ODQzOQ=="", ""text"": ""Wow"", ""author_name"": """", ""created_time"": ""2025-09-22T17:04:12.000Z"", ""likes_count"": 0, ""replies_count"": 0}]"
